{"train_loss": [0.664567748705546, 0.47318999965985614, 0.40908656517664593, 0.30583735803763074, 0.2891809046268463, 0.25799112518628436, 0.21160937349001566, 0.20616771280765533, 0.2998961806297302, 0.2871202776829402, 0.21174449721972147, 0.1790251831213633, 0.174235666791598, 0.19027412434418997, 0.14975327253341675, 0.1628114009896914, 0.13355636596679688, 0.1243667056163152, 0.135309470196565, 0.12338852385679881, 0.11371182650327682, 0.11826429764429729, 0.10257218033075333, 0.10535364349683125, 0.14632119735081991, 0.11053416629632314, 0.12394244968891144, 0.08839117487271626, 0.1105986808737119, 0.10677332431077957, 0.12683509041865668, 0.12392000357309978, 0.2906329830487569, 0.15051041543483734, 0.1746075302362442, 0.23093417783578238, 0.16698663433392844, 0.16694578528404236, 0.15525241941213608, 0.11153229822715123, 0.11786640932162602, 0.09313829243183136, 0.09175861130158107, 0.09795885036389033, 0.07727474719285965, 0.11473496754964192, 0.07772047569354375, 0.06608514736096065, 0.09164106597503026, 0.06473925958077113, 0.06712391351660092, 0.06581155210733414, 0.06276638930042584, 0.05293328935901324, 0.05100415895382563, 0.047884212185939155, 0.05010891333222389, 0.05189849187930425, 0.05628257617354393, 0.051264541844526924, 0.044973899920781456, 0.057060634096463524, 0.04759873077273369, 0.05445480470856031, 0.05845134456952413, 0.042197998613119125, 0.050834573805332184, 0.039843463649352394, 0.038244190315405525, 0.04844681918621063, 0.03948574264844259, 0.04334599028031031, 0.04400955761472384, 0.044988139222065605, 0.05069017906983694, 0.04637879505753517, 0.049031663686037064, 0.09706029668450356, 0.08966748664776485, 0.07756290088097255, 0.08686874682704608, 0.07198134313027064, 0.08787950873374939, 0.06809259951114655, 0.08197139948606491, 0.05117390304803848, 0.05720445141196251, 0.05282795429229736, 0.04907566184798876, 0.04239480445782343, 0.05183251574635506, 0.05220379680395126, 0.044485438615083694, 0.04096692303816477, 0.03707555184761683, 0.048884628961483635, 0.04138977142671744, 0.047125072528918587, 0.04025977601607641, 0.041554966320594154], "val_loss": [0.69521564245224, 0.6702715754508972, 0.6479778289794922, 0.7586479783058167, 0.7798628211021423, 0.6649056077003479, 1.0805155038833618, 0.9161975979804993, 1.070633053779602, 0.6149480938911438, 0.8398606777191162, 0.9633074998855591, 0.6197128891944885, 0.4942501187324524, 0.6192148327827454, 0.48198336362838745, 0.5287110209465027, 0.6892290711402893, 0.7665173411369324, 0.8038589954376221, 0.8255443572998047, 0.8035964369773865, 0.5118577480316162, 1.2055613994598389, 0.6255854964256287, 0.6246328949928284, 1.0686275959014893, 1.6065411567687988, 1.1441932916641235, 0.8687074184417725, 0.8293745517730713, 0.7234107851982117, 0.9667853713035583, 2.002847194671631, 1.498303771018982, 0.9920522570610046, 0.6379563808441162, 0.435464471578598, 0.6176690459251404, 1.0917109251022339, 1.0740249156951904, 0.8908995389938354, 0.9750241637229919, 0.930172860622406, 0.7768415808677673, 0.9693471193313599, 1.2480241060256958, 1.1517019271850586, 1.140260100364685, 1.3440920114517212, 1.5627835988998413, 1.5700969696044922, 1.5353468656539917, 1.6757359504699707, 1.6970922946929932, 1.522934913635254, 1.3456040620803833, 1.477284550666809, 1.5313806533813477, 1.5455378293991089, 1.7279947996139526, 1.8274685144424438, 1.9596519470214844, 2.173365354537964, 2.329435110092163, 2.214141368865967, 1.7658401727676392, 1.5830472707748413, 1.4343900680541992, 1.4227145910263062, 1.658121943473816, 1.8372646570205688, 2.0162291526794434, 2.220163106918335, 2.1643943786621094, 2.266592025756836, 1.820683479309082, 1.3582730293273926, 1.8163025379180908, 3.0373787879943848, 3.551635265350342, 2.0866310596466064, 1.6136280298233032, 1.5091290473937988, 0.9826957583427429, 0.4762485921382904, 0.461514413356781, 0.7410061955451965, 1.2135205268859863, 1.3241325616836548, 1.4291965961456299, 1.6871973276138306, 1.6870447397232056, 1.7377285957336426, 1.8612120151519775, 2.030127763748169, 1.8026716709136963, 1.6198440790176392, 1.5178214311599731, 1.5672050714492798], "train_accuracy": [], "val_accuracy": []}